ğŸ˜€ grinning face, face, grin, grinning face
ğŸ˜ƒ grinning face with big eyes, face, grinning face with big eyes, mouth, open, smile
ğŸ˜„ grinning face with smiling eyes, eye, face, grinning face with smiling eyes, mouth, open, smile
ğŸ˜ beaming face with smiling eyes, beaming face with smiling eyes, eye, face, grin, smile
ğŸ˜† grinning squinting face, face, grinning squinting face, laugh, mouth, satisfied, smile
ğŸ˜… grinning face with sweat, cold, face, grinning face with sweat, open, smile, sweat
ğŸ¤£ rolling on the floor laughing, face, floor, laugh, rolling, rolling on the floor laughing
ğŸ˜‚ face with tears of joy, face, face with tears of joy, joy, laugh, tear
ğŸ™‚ slightly smiling face, face, slightly smiling face, smile
ğŸ™ƒ upside-down face, face, upside-down
ğŸ«  melting face
ğŸ˜‰ winking face, face, wink, winking face
ğŸ˜Š smiling face with smiling eyes, blush, eye, face, smile, smiling face with smiling eyes
ğŸ˜‡ smiling face with halo, angel, face, fantasy, halo, innocent, smiling face with halo
ğŸ¥° smiling face with hearts, adore, crush, hearts, in love, smiling face with hearts
ğŸ˜ smiling face with heart-eyes, eye, face, love, smile, smiling face with heart-eyes
ğŸ¤© star-struck, eyes, face, grinning, star, star-struck
ğŸ˜˜ face blowing a kiss, face, face blowing a kiss, kiss
ğŸ˜— kissing face, face, kiss, kissing face
â˜ºï¸ smiling face, face, outlined, relaxed, smile, smiling face
ğŸ˜š kissing face with closed eyes, closed, eye, face, kiss, kissing face with closed eyes
ğŸ˜™ kissing face with smiling eyes, eye, face, kiss, kissing face with smiling eyes, smile
ğŸ¥² smiling face with tear, grateful, proud, relieved, smiling, smiling face with tear, tear, touched
ğŸ˜‹ face savoring food, delicious, face, face savoring food, savouring, smile, yum
ğŸ˜› face with tongue, face, face with tongue, tongue
ğŸ˜œ winking face with tongue, eye, face, joke, tongue, wink, winking face with tongue
ğŸ¤ª zany face, eye, goofy, large, small, zany face
ğŸ˜ squinting face with tongue, eye, face, horrible, squinting face with tongue, taste, tongue
ğŸ¤‘ money-mouth face, face, money, money-mouth face, mouth
ğŸ¤— smiling face with open hands, face, hug, hugging
ğŸ¤­ face with hand over mouth, face with hand over mouth, whoops
ğŸ«¢ face with open eyes and hand over mouth
ğŸ«£ face with peeking eye
ğŸ¤« shushing face, quiet, shush, shushing face
ğŸ¤” thinking face, face, thinking
ğŸ«¡ saluting face
ğŸ¤ zipper-mouth face, face, mouth, zipper, zipper-mouth face
ğŸ¤¨ face with raised eyebrow, distrust, face with raised eyebrow, skeptic
ğŸ˜ neutral face, deadpan, face, meh, neutral
ğŸ˜‘ expressionless face, expressionless, face, inexpressive, meh, unexpressive
ğŸ˜¶ face without mouth, face, face without mouth, mouth, quiet, silent
ğŸ«¥ dotted line face
ğŸ˜¶â€ğŸŒ«ï¸ face in clouds
ğŸ˜ smirking face, face, smirk, smirking face
ğŸ˜’ unamused face, face, unamused, unhappy
ğŸ™„ face with rolling eyes, eyeroll, eyes, face, face with rolling eyes, rolling
ğŸ˜¬ grimacing face, face, grimace, grimacing face
ğŸ˜®â€ğŸ’¨ face exhaling
ğŸ¤¥ lying face, face, lie, lying face, pinocchio
ğŸ«¨ shaking face
ğŸ™‚â€â†”ï¸ head shaking horizontally
ğŸ™‚â€â†•ï¸ head shaking vertically
ğŸ˜Œ relieved face, face, relieved
ğŸ˜” pensive face, dejected, face, pensive
ğŸ˜ª sleepy face, face, sleep, sleepy face
ğŸ¤¤ drooling face, drooling, face
ğŸ˜´ sleeping face, face, sleep, sleeping face, zzz
ğŸ«© face with bags under eyes
ğŸ˜· face with medical mask, cold, doctor, face, face with medical mask, mask, sick
ğŸ¤’ face with thermometer, face, face with thermometer, ill, sick, thermometer
ğŸ¤• face with head-bandage, bandage, face, face with head-bandage, hurt, injury
ğŸ¤¢ nauseated face, face, nauseated, vomit
ğŸ¤® face vomiting, face vomiting, sick, vomit
ğŸ¤§ sneezing face, face, gesundheit, sneeze, sneezing face
ğŸ¥µ hot face, feverish, heat stroke, hot, hot face, red-faced, sweating
ğŸ¥¶ cold face, blue-faced, cold, cold face, freezing, frostbite, icicles
ğŸ¥´ woozy face, dizzy, intoxicated, tipsy, uneven eyes, wavy mouth, woozy face
ğŸ˜µ face with crossed-out eyes, dizzy, face
ğŸ˜µâ€ğŸ’« face with spiral eyes
ğŸ¤¯ exploding head, exploding head, mind blown, shocked
ğŸ¤  cowboy hat face, cowboy, cowgirl, face, hat
ğŸ¥³ partying face, celebration, hat, horn, party, partying face
ğŸ¥¸ disguised face, disguise, disguised face, face, glasses, incognito, nose
ğŸ˜ smiling face with sunglasses, bright, cool, face, smiling face with sunglasses, sun, sunglasses
ğŸ¤“ nerd face, face, geek, nerd
ğŸ§ face with monocle, face with monocle, stuffy
ğŸ˜• confused face, confused, face, meh
ğŸ«¤ face with diagonal mouth
ğŸ˜Ÿ worried face, face, worried
ğŸ™ slightly frowning face, face, frown, slightly frowning face
â˜¹ï¸ frowning face, face, frown, frowning face
ğŸ˜® face with open mouth, face, face with open mouth, mouth, open, sympathy
ğŸ˜¯ hushed face, face, hushed, stunned, surprised
ğŸ˜² astonished face, astonished, face, shocked, totally
ğŸ˜³ flushed face, dazed, face, flushed
ğŸ¥º pleading face, begging, mercy, pleading face, puppy eyes
ğŸ¥¹ face holding back tears
ğŸ˜¦ frowning face with open mouth, face, frown, frowning face with open mouth, mouth, open
ğŸ˜§ anguished face, anguished, face
ğŸ˜¨ fearful face, face, fear, fearful, scared
ğŸ˜° anxious face with sweat, anxious face with sweat, blue, cold, face, rushed, sweat
ğŸ˜¥ sad but relieved face, disappointed, face, relieved, sad but relieved face, whew
ğŸ˜¢ crying face, cry, crying face, face, sad, tear
ğŸ˜­ loudly crying face, cry, face, loudly crying face, sad, sob, tear
ğŸ˜± face screaming in fear, face, face screaming in fear, fear, munch, scared, scream
ğŸ˜– confounded face, confounded, face
ğŸ˜£ persevering face, face, persevere, persevering face
ğŸ˜ disappointed face, disappointed, face
ğŸ˜“ downcast face with sweat, cold, downcast face with sweat, face, sweat
ğŸ˜© weary face, face, tired, weary
ğŸ˜« tired face, face, tired
ğŸ¥± yawning face, bored, tired, yawn, yawning face
ğŸ˜¤ face with steam from nose, face, face with steam from nose, triumph, won
ğŸ˜¡ enraged face, angry, face, mad, pouting, rage, red
ğŸ˜  angry face, angry, face, mad
ğŸ¤¬ face with symbols on mouth, face with symbols on mouth, swearing
ğŸ˜ˆ smiling face with horns, face, fairy tale, fantasy, horns, smile, smiling face with horns
ğŸ‘¿ angry face with horns, angry face with horns, demon, devil, face, fantasy, imp
ğŸ’€ skull, death, face, fairy tale, monster, skull
â˜ ï¸ skull and crossbones, crossbones, death, face, monster, skull, skull and crossbones
ğŸ’© pile of poo, dung, face, monster, pile of poo, poo, poop
ğŸ¤¡ clown face, clown, face
ğŸ‘¹ ogre, creature, face, fairy tale, fantasy, monster, ogre
ğŸ‘º goblin, creature, face, fairy tale, fantasy, goblin, monster
ğŸ‘» ghost, creature, face, fairy tale, fantasy, ghost, monster
ğŸ‘½ alien, alien, creature, extraterrestrial, face, fantasy, ufo
ğŸ‘¾ alien monster, alien, creature, extraterrestrial, face, monster, ufo
ğŸ¤– robot, face, monster, robot
ğŸ˜º grinning cat, cat, face, grinning, mouth, open, smile
ğŸ˜¸ grinning cat with smiling eyes, cat, eye, face, grin, grinning cat with smiling eyes, smile
ğŸ˜¹ cat with tears of joy, cat, cat with tears of joy, face, joy, tear
ğŸ˜» smiling cat with heart-eyes, cat, eye, face, heart, love, smile, smiling cat with heart-eyes
ğŸ˜¼ cat with wry smile, cat, cat with wry smile, face, ironic, smile, wry
ğŸ˜½ kissing cat, cat, eye, face, kiss, kissing cat
ğŸ™€ weary cat, cat, face, oh, surprised, weary
ğŸ˜¿ crying cat, cat, cry, crying cat, face, sad, tear
ğŸ˜¾ pouting cat, cat, face, pouting
ğŸ™ˆ see-no-evil monkey, evil, face, forbidden, monkey, see, see-no-evil monkey
ğŸ™‰ hear-no-evil monkey, evil, face, forbidden, hear, hear-no-evil monkey, monkey
ğŸ™Š speak-no-evil monkey, evil, face, forbidden, monkey, speak, speak-no-evil monkey
ğŸ’Œ love letter, heart, letter, love, mail
ğŸ’˜ heart with arrow, arrow, cupid, heart with arrow
ğŸ’ heart with ribbon, heart with ribbon, ribbon, valentine
ğŸ’– sparkling heart, excited, sparkle, sparkling heart
ğŸ’— growing heart, excited, growing, growing heart, nervous, pulse
ğŸ’“ beating heart, beating, beating heart, heartbeat, pulsating
ğŸ’ revolving hearts, revolving, revolving hearts
ğŸ’• two hearts, love, two hearts
ğŸ’Ÿ heart decoration, heart, heart decoration
â£ï¸ heart exclamation, exclamation, heart exclamation, mark, punctuation
ğŸ’” broken heart, break, broken, broken heart
â¤ï¸â€ğŸ”¥ heart on fire
â¤ï¸â€ğŸ©¹ mending heart
â¤ï¸ red heart, heart, red heart
ğŸ©· pink heart
ğŸ§¡ orange heart, orange, orange heart
ğŸ’› yellow heart, yellow, yellow heart
ğŸ’š green heart, green, green heart
ğŸ’™ blue heart, blue, blue heart
ğŸ©µ light blue heart
ğŸ’œ purple heart, purple, purple heart
ğŸ¤ brown heart, brown, heart
ğŸ–¤ black heart, black, black heart, evil, wicked
ğŸ©¶ grey heart
ğŸ¤ white heart, heart, white
ğŸ’‹ kiss mark, kiss, kiss mark, lips
ğŸ’¯ hundred points, 100, full, hundred, hundred points, score
ğŸ’¢ anger symbol, anger symbol, angry, comic, mad
ğŸ’¥ collision, boom, collision, comic
ğŸ’« dizzy, comic, dizzy, star
ğŸ’¦ sweat droplets, comic, splashing, sweat, sweat droplets
ğŸ’¨ dashing away, comic, dash, dashing away, running
ğŸ•³ï¸ hole, hole
ğŸ’¬ speech balloon, balloon, bubble, comic, dialog, speech
ğŸ‘ï¸â€ğŸ—¨ï¸ eye in speech bubble
ğŸ—¨ï¸ left speech bubble, dialog, left speech bubble, speech
ğŸ—¯ï¸ right anger bubble, angry, balloon, bubble, mad, right anger bubble
ğŸ’­ thought balloon, balloon, bubble, comic, thought
ğŸ’¤ ZZZ, comic, sleep, zzz
ğŸ˜ˆ demon, devil, imp
