ğŸ‘‹ waving hand, hand, wave, waving
ğŸ¤š raised back of hand, backhand, raised, raised back of hand
ğŸ–ï¸ hand with fingers splayed, finger, hand, hand with fingers splayed, splayed
âœ‹ raised hand, hand, raised hand
ğŸ–– vulcan salute, finger, hand, spock, vulcan, vulcan salute
ğŸ«± rightwards hand
ğŸ«² leftwards hand
ğŸ«³ palm down hand
ğŸ«´ palm up hand
ğŸ«· leftwards pushing hand
ğŸ«¸ rightwards pushing hand
ğŸ‘Œ OK hand, hand, OK
ğŸ¤Œ pinched fingers, fingers, hand gesture, interrogation, pinched, sarcastic
ğŸ¤ pinching hand, pinching hand, small amount
âœŒï¸ victory hand, hand, v, victory
ğŸ¤ crossed fingers, cross, crossed fingers, finger, hand, luck
ğŸ«° hand with index finger and thumb crossed
ğŸ¤Ÿ love-you gesture, hand, ILY, love-you gesture
ğŸ¤˜ sign of the horns, finger, hand, horns, rock-on, sign of the horns
ğŸ¤™ call me hand, call, call me hand, hand
ğŸ‘ˆ backhand index pointing left, backhand, backhand index pointing left, finger, hand, index, point
ğŸ‘‰ backhand index pointing right, backhand, backhand index pointing right, finger, hand, index, point
ğŸ‘† backhand index pointing up, backhand, backhand index pointing up, finger, hand, point, up
ğŸ–• middle finger, finger, hand, middle finger
ğŸ‘‡ backhand index pointing down, backhand, backhand index pointing down, down, finger, hand, point
â˜ï¸ index pointing up, finger, hand, index, index pointing up, point, up
ğŸ«µ index pointing at the viewer
ğŸ‘ thumbs up, +1, hand, thumb, thumbs up, up
ğŸ‘ thumbs down, -1, down, hand, thumb, thumbs down
âœŠ raised fist, clenched, fist, hand, punch, raised fist
ğŸ‘Š oncoming fist, clenched, fist, hand, oncoming fist, punch
ğŸ¤› left-facing fist, fist, left-facing fist, leftwards
ğŸ¤œ right-facing fist, fist, right-facing fist, rightwards
ğŸ‘ clapping hands, clap, clapping hands, hand
ğŸ™Œ raising hands, celebration, gesture, hand, hooray, raised, raising hands
ğŸ«¶ heart hands
ğŸ‘ open hands, hand, open, open hands
ğŸ¤² palms up together, palms up together, prayer
ğŸ¤ handshake, agreement, hand, handshake, meeting, shake
ğŸ™ folded hands, ask, folded hands, hand, please, pray, thanks
âœï¸ writing hand, hand, write, writing hand
ğŸ’… nail polish, care, cosmetics, manicure, nail, polish
ğŸ¤³ selfie, camera, phone, selfie
ğŸ’ª flexed biceps, biceps, comic, flex, flexed biceps, muscle
ğŸ¦¾ mechanical arm, accessibility, mechanical arm, prosthetic
ğŸ¦¿ mechanical leg, accessibility, mechanical leg, prosthetic
ğŸ¦µ leg, kick, leg, limb
ğŸ¦¶ foot, foot, kick, stomp
ğŸ‘‚ ear, body, ear
ğŸ¦» ear with hearing aid, accessibility, ear with hearing aid, hard of hearing
ğŸ‘ƒ nose, body, nose
ğŸ§  brain, brain, intelligent
ğŸ«€ anatomical heart, anatomical, cardiology, heart, organ, pulse
ğŸ« lungs, breath, exhalation, inhalation, lungs, organ, respiration
ğŸ¦· tooth, dentist, tooth
ğŸ¦´ bone, bone, skeleton
ğŸ‘€ eyes, eye, eyes, face
ğŸ‘ï¸ eye, body, eye
ğŸ‘… tongue, body, tongue
ğŸ‘„ mouth, lips, mouth
ğŸ«¦ biting lip
ğŸ‘¶ baby, baby, young
ğŸ§’ child, child, gender-neutral, unspecified gender, young
ğŸ‘¦ boy, boy, young
ğŸ‘§ girl, girl, Virgo, young, zodiac
ğŸ§‘ person, adult, gender-neutral, person, unspecified gender
ğŸ‘± person: blond hair, blond, blond-haired person, hair, person: blond hair
ğŸ‘¨ man, adult, man
ğŸ§” person: beard, beard, man, man: beard, person
ğŸ§”â€â™‚ï¸ man: beard
ğŸ§”â€â™€ï¸ woman: beard
ğŸ‘¨â€ğŸ¦° man: red hair
ğŸ‘¨â€ğŸ¦± man: curly hair
ğŸ‘¨â€ğŸ¦³ man: white hair
ğŸ‘¨â€ğŸ¦² man: bald
ğŸ‘© woman, adult, woman
ğŸ‘©â€ğŸ¦° woman: red hair
ğŸ§‘â€ğŸ¦° person: red hair
ğŸ‘©â€ğŸ¦± woman: curly hair
ğŸ§‘â€ğŸ¦± person: curly hair
ğŸ‘©â€ğŸ¦³ woman: white hair
ğŸ§‘â€ğŸ¦³ person: white hair
ğŸ‘©â€ğŸ¦² woman: bald
ğŸ§‘â€ğŸ¦² person: bald
ğŸ‘±â€â™€ï¸ woman: blond hair
ğŸ‘±â€â™‚ï¸ man: blond hair
ğŸ§“ older person, adult, gender-neutral, old, older person, unspecified gender
ğŸ‘´ old man, adult, man, old
ğŸ‘µ old woman, adult, old, woman
ğŸ™ person frowning, frown, gesture, person frowning
ğŸ™â€â™‚ï¸ man frowning
ğŸ™â€â™€ï¸ woman frowning
ğŸ™ person pouting, gesture, person pouting, pouting
ğŸ™â€â™‚ï¸ man pouting
ğŸ™â€â™€ï¸ woman pouting
ğŸ™… person gesturing NO, forbidden, gesture, hand, person gesturing NO, prohibited
ğŸ™…â€â™‚ï¸ man gesturing NO
ğŸ™…â€â™€ï¸ woman gesturing NO
ğŸ™† person gesturing OK, gesture, hand, OK, person gesturing OK
ğŸ™†â€â™‚ï¸ man gesturing OK
ğŸ™†â€â™€ï¸ woman gesturing OK
ğŸ’ person tipping hand, hand, help, information, person tipping hand, sassy, tipping
ğŸ’â€â™‚ï¸ man tipping hand
ğŸ’â€â™€ï¸ woman tipping hand
ğŸ™‹ person raising hand, gesture, hand, happy, person raising hand, raised
ğŸ™‹â€â™‚ï¸ man raising hand
ğŸ™‹â€â™€ï¸ woman raising hand
ğŸ§ deaf person, accessibility, deaf, deaf person, ear, hear
ğŸ§â€â™‚ï¸ deaf man
ğŸ§â€â™€ï¸ deaf woman
ğŸ™‡ person bowing, apology, bow, gesture, person bowing, sorry
ğŸ™‡â€â™‚ï¸ man bowing
ğŸ™‡â€â™€ï¸ woman bowing
ğŸ¤¦ person facepalming, disbelief, exasperation, face, palm, person facepalming
ğŸ¤¦â€â™‚ï¸ man facepalming
ğŸ¤¦â€â™€ï¸ woman facepalming
ğŸ¤· person shrugging, doubt, ignorance, indifference, person shrugging, shrug
ğŸ¤·â€â™‚ï¸ man shrugging
ğŸ¤·â€â™€ï¸ woman shrugging
ğŸ§‘â€âš•ï¸ health worker
ğŸ‘¨â€âš•ï¸ man health worker
ğŸ‘©â€âš•ï¸ woman health worker
ğŸ§‘â€ğŸ“ student, graduate, student
ğŸ‘¨â€ğŸ“ man student, graduate, man, student
ğŸ‘©â€ğŸ“ woman student, graduate, student, woman
ğŸ§‘â€ğŸ« teacher, instructor, professor, teacher
ğŸ‘¨â€ğŸ« man teacher, instructor, man, professor, teacher
ğŸ‘©â€ğŸ« woman teacher, instructor, professor, teacher, woman
ğŸ§‘â€âš–ï¸ judge
ğŸ‘¨â€âš–ï¸ man judge
ğŸ‘©â€âš–ï¸ woman judge
ğŸ§‘â€ğŸŒ¾ farmer, farmer, gardener, rancher
ğŸ‘¨â€ğŸŒ¾ man farmer, farmer, gardener, man, rancher
ğŸ‘©â€ğŸŒ¾ woman farmer, farmer, gardener, rancher, woman
ğŸ§‘â€ğŸ³ cook, chef, cook
ğŸ‘¨â€ğŸ³ man cook, chef, cook, man
ğŸ‘©â€ğŸ³ woman cook, chef, cook, woman
ğŸ§‘â€ğŸ”§ mechanic, electrician, mechanic, plumber, tradesperson
ğŸ‘¨â€ğŸ”§ man mechanic, electrician, man, mechanic, plumber, tradesperson
ğŸ‘©â€ğŸ”§ woman mechanic, electrician, mechanic, plumber, tradesperson, woman
ğŸ§‘â€ğŸ­ factory worker, assembly, factory, industrial, worker
ğŸ‘¨â€ğŸ­ man factory worker, assembly, factory, industrial, man, worker
ğŸ‘©â€ğŸ­ woman factory worker, assembly, factory, industrial, woman, worker
ğŸ§‘â€ğŸ’¼ office worker, architect, business, manager, office worker, white-collar
ğŸ‘¨â€ğŸ’¼ man office worker, architect, business, man, man office worker, manager, white-collar
ğŸ‘©â€ğŸ’¼ woman office worker, architect, business, manager, white-collar, woman, woman office worker
ğŸ§‘â€ğŸ”¬ scientist, biologist, chemist, engineer, physicist, scientist
ğŸ‘¨â€ğŸ”¬ man scientist, biologist, chemist, engineer, man, physicist, scientist
ğŸ‘©â€ğŸ”¬ woman scientist, biologist, chemist, engineer, physicist, scientist, woman
ğŸ§‘â€ğŸ’» technologist, coder, developer, inventor, software, technologist
ğŸ‘¨â€ğŸ’» man technologist, coder, developer, inventor, man, software, technologist
ğŸ‘©â€ğŸ’» woman technologist, coder, developer, inventor, software, technologist, woman
ğŸ§‘â€ğŸ¤ singer, actor, entertainer, rock, singer, star
ğŸ‘¨â€ğŸ¤ man singer, actor, entertainer, man, rock, singer, star
ğŸ‘©â€ğŸ¤ woman singer, actor, entertainer, rock, singer, star, woman
ğŸ§‘â€ğŸ¨ artist, artist, palette
ğŸ‘¨â€ğŸ¨ man artist, artist, man, palette
ğŸ‘©â€ğŸ¨ woman artist, artist, palette, woman
ğŸ§‘â€âœˆï¸ pilot
ğŸ‘¨â€âœˆï¸ man pilot
ğŸ‘©â€âœˆï¸ woman pilot
ğŸ§‘â€ğŸš€ astronaut, astronaut, rocket
ğŸ‘¨â€ğŸš€ man astronaut, astronaut, man, rocket
ğŸ‘©â€ğŸš€ woman astronaut, astronaut, rocket, woman
ğŸ§‘â€ğŸš’ firefighter, firefighter, firetruck
ğŸ‘¨â€ğŸš’ man firefighter, firefighter, firetruck, man
ğŸ‘©â€ğŸš’ woman firefighter, firefighter, firetruck, woman
ğŸ‘® police officer, cop, officer, police
ğŸ‘®â€â™‚ï¸ man police officer
ğŸ‘®â€â™€ï¸ woman police officer
ğŸ•µï¸ detective, detective, sleuth, spy
ğŸ•µï¸â€â™‚ï¸ man detective
ğŸ•µï¸â€â™€ï¸ woman detective
ğŸ’‚ guard, guard
ğŸ’‚â€â™‚ï¸ man guard
ğŸ’‚â€â™€ï¸ woman guard
ğŸ¥· ninja, fighter, hidden, ninja, stealth
ğŸ‘· construction worker, construction, hat, worker
ğŸ‘·â€â™‚ï¸ man construction worker
ğŸ‘·â€â™€ï¸ woman construction worker
ğŸ«… person with crown
ğŸ¤´ prince, prince
ğŸ‘¸ princess, fairy tale, fantasy, princess
ğŸ‘³ person wearing turban, person wearing turban, turban
ğŸ‘³â€â™‚ï¸ man wearing turban
ğŸ‘³â€â™€ï¸ woman wearing turban
ğŸ‘² person with skullcap, cap, gua pi mao, hat, person, person with skullcap, skullcap
ğŸ§• woman with headscarf, headscarf, hijab, mantilla, tichel, woman with headscarf
ğŸ¤µ person in tuxedo, groom, person, person in tuxedo, tuxedo
ğŸ¤µâ€â™‚ï¸ man in tuxedo
ğŸ¤µâ€â™€ï¸ woman in tuxedo
ğŸ‘° person with veil, bride, person, person with veil, veil, wedding
ğŸ‘°â€â™‚ï¸ man with veil
ğŸ‘°â€â™€ï¸ woman with veil
ğŸ¤° pregnant woman, pregnant, woman
ğŸ«ƒ pregnant man
ğŸ«„ pregnant person
ğŸ¤± breast-feeding, baby, breast, breast-feeding, nursing
ğŸ‘©â€ğŸ¼ woman feeding baby, baby, feeding, nursing, woman
ğŸ‘¨â€ğŸ¼ man feeding baby, baby, feeding, man, nursing
ğŸ§‘â€ğŸ¼ person feeding baby, baby, feeding, nursing, person
ğŸ‘¼ baby angel, angel, baby, face, fairy tale, fantasy
ğŸ… Santa Claus, celebration, Christmas, claus, father, santa, Santa Claus
ğŸ¤¶ Mrs. Claus, celebration, Christmas, claus, mother, Mrs., Mrs. Claus
ğŸ§‘â€ğŸ„ Mx Claus, Claus, christmas, mx claus
ğŸ¦¸ superhero, good, hero, heroine, superhero, superpower
ğŸ¦¸â€â™‚ï¸ man superhero
ğŸ¦¸â€â™€ï¸ woman superhero
ğŸ¦¹ supervillain, criminal, evil, superpower, supervillain, villain
ğŸ¦¹â€â™‚ï¸ man supervillain
ğŸ¦¹â€â™€ï¸ woman supervillain
ğŸ§™ mage, mage, sorcerer, sorceress, witch, wizard
ğŸ§™â€â™‚ï¸ man mage
ğŸ§™â€â™€ï¸ woman mage
ğŸ§š fairy, fairy, Oberon, Puck, Titania
ğŸ§šâ€â™‚ï¸ man fairy
ğŸ§šâ€â™€ï¸ woman fairy
ğŸ§› vampire, Dracula, undead, vampire
ğŸ§›â€â™‚ï¸ man vampire
ğŸ§›â€â™€ï¸ woman vampire
ğŸ§œ merperson, mermaid, merman, merperson, merwoman
ğŸ§œâ€â™‚ï¸ merman
ğŸ§œâ€â™€ï¸ mermaid
ğŸ§ elf, elf, magical
ğŸ§â€â™‚ï¸ man elf
ğŸ§â€â™€ï¸ woman elf
ğŸ§ genie, djinn, genie
ğŸ§â€â™‚ï¸ man genie
ğŸ§â€â™€ï¸ woman genie
ğŸ§Ÿ zombie, undead, walking dead, zombie
ğŸ§Ÿâ€â™‚ï¸ man zombie
ğŸ§Ÿâ€â™€ï¸ woman zombie
ğŸ§Œ troll
ğŸ’† person getting massage, face, massage, person getting massage, salon
ğŸ’†â€â™‚ï¸ man getting massage
ğŸ’†â€â™€ï¸ woman getting massage
ğŸ’‡ person getting haircut, barber, beauty, haircut, parlor, person getting haircut
ğŸ’‡â€â™‚ï¸ man getting haircut
ğŸ’‡â€â™€ï¸ woman getting haircut
ğŸš¶ person walking, hike, person walking, walk, walking
ğŸš¶â€â™‚ï¸ man walking
ğŸš¶â€â™€ï¸ woman walking
ğŸš¶â€â¡ï¸ person walking facing right
ğŸš¶â€â™€ï¸â€â¡ï¸ woman walking facing right
ğŸš¶â€â™‚ï¸â€â¡ï¸ man walking facing right
ğŸ§ person standing, person standing, stand, standing
ğŸ§â€â™‚ï¸ man standing
ğŸ§â€â™€ï¸ woman standing
ğŸ§ person kneeling, kneel, kneeling, person kneeling
ğŸ§â€â™‚ï¸ man kneeling
ğŸ§â€â™€ï¸ woman kneeling
ğŸ§â€â¡ï¸ person kneeling facing right
ğŸ§â€â™€ï¸â€â¡ï¸ woman kneeling facing right
ğŸ§â€â™‚ï¸â€â¡ï¸ man kneeling facing right
ğŸ§‘â€ğŸ¦¯ person with white cane, accessibility, blind, person with white cane
ğŸ§‘â€ğŸ¦¯â€â¡ï¸ person with white cane facing right
ğŸ‘¨â€ğŸ¦¯ man with white cane, accessibility, blind, man, man with white cane
ğŸ‘¨â€ğŸ¦¯â€â¡ï¸ man with white cane facing right
ğŸ‘©â€ğŸ¦¯ woman with white cane, accessibility, blind, woman, woman with white cane
ğŸ‘©â€ğŸ¦¯â€â¡ï¸ woman with white cane facing right
ğŸ§‘â€ğŸ¦¼ person in motorized wheelchair, accessibility, person in motorized wheelchair, wheelchair
ğŸ§‘â€ğŸ¦¼â€â¡ï¸ person in motorized wheelchair facing right
ğŸ‘¨â€ğŸ¦¼ man in motorized wheelchair, accessibility, man, man in motorized wheelchair, wheelchair
ğŸ‘¨â€ğŸ¦¼â€â¡ï¸ man in motorized wheelchair facing right
ğŸ‘©â€ğŸ¦¼ woman in motorized wheelchair, accessibility, wheelchair, woman, woman in motorized wheelchair
ğŸ‘©â€ğŸ¦¼â€â¡ï¸ woman in motorized wheelchair facing right
ğŸ§‘â€ğŸ¦½ person in manual wheelchair, accessibility, person in manual wheelchair, wheelchair
ğŸ§‘â€ğŸ¦½â€â¡ï¸ person in manual wheelchair facing right
ğŸ‘¨â€ğŸ¦½ man in manual wheelchair, accessibility, man, man in manual wheelchair, wheelchair
ğŸ‘¨â€ğŸ¦½â€â¡ï¸ man in manual wheelchair facing right
ğŸ‘©â€ğŸ¦½ woman in manual wheelchair, accessibility, wheelchair, woman, woman in manual wheelchair
ğŸ‘©â€ğŸ¦½â€â¡ï¸ woman in manual wheelchair facing right
ğŸƒ person running, marathon, person running, running
ğŸƒâ€â™‚ï¸ man running
ğŸƒâ€â™€ï¸ woman running
ğŸƒâ€â¡ï¸ person running facing right
ğŸƒâ€â™€ï¸â€â¡ï¸ woman running facing right
ğŸƒâ€â™‚ï¸â€â¡ï¸ man running facing right
ğŸ’ƒ woman dancing, dancing, woman
ğŸ•º man dancing, dance, man, man dancing
ğŸ•´ï¸ person in suit levitating, business, person, person in suit levitating, suit
ğŸ‘¯ people with bunny ears, bunny ear, dancer, partying, people with bunny ears
ğŸ‘¯â€â™‚ï¸ men with bunny ears
ğŸ‘¯â€â™€ï¸ women with bunny ears
ğŸ§– person in steamy room, person in steamy room, sauna, steam room
ğŸ§–â€â™‚ï¸ man in steamy room
ğŸ§–â€â™€ï¸ woman in steamy room
ğŸ§— person climbing, climber, person climbing
ğŸ§—â€â™‚ï¸ man climbing
ğŸ§—â€â™€ï¸ woman climbing
ğŸ¤º person fencing, fencer, fencing, person fencing, sword
ğŸ‡ horse racing, horse, jockey, racehorse, racing
â›·ï¸ skier, ski, skier, snow
ğŸ‚ snowboarder, ski, snow, snowboard, snowboarder
ğŸŒï¸ person golfing, ball, golf, person golfing
ğŸŒï¸â€â™‚ï¸ man golfing
ğŸŒï¸â€â™€ï¸ woman golfing
ğŸ„ person surfing, person surfing, surfing
ğŸ„â€â™‚ï¸ man surfing
ğŸ„â€â™€ï¸ woman surfing
ğŸš£ person rowing boat, boat, person rowing boat, rowboat
ğŸš£â€â™‚ï¸ man rowing boat
ğŸš£â€â™€ï¸ woman rowing boat
ğŸŠ person swimming, person swimming, swim
ğŸŠâ€â™‚ï¸ man swimming
ğŸŠâ€â™€ï¸ woman swimming
â›¹ï¸ person bouncing ball, ball, person bouncing ball
â›¹ï¸â€â™‚ï¸ man bouncing ball
â›¹ï¸â€â™€ï¸ woman bouncing ball
ğŸ‹ï¸ person lifting weights, lifter, person lifting weights, weight
ğŸ‹ï¸â€â™‚ï¸ man lifting weights
ğŸ‹ï¸â€â™€ï¸ woman lifting weights
ğŸš´ person biking, bicycle, biking, cyclist, person biking
ğŸš´â€â™‚ï¸ man biking
ğŸš´â€â™€ï¸ woman biking
ğŸšµ person mountain biking, bicycle, bicyclist, bike, cyclist, mountain, person mountain biking
ğŸšµâ€â™‚ï¸ man mountain biking
ğŸšµâ€â™€ï¸ woman mountain biking
ğŸ¤¸ person cartwheeling, cartwheel, gymnastics, person cartwheeling
ğŸ¤¸â€â™‚ï¸ man cartwheeling
ğŸ¤¸â€â™€ï¸ woman cartwheeling
ğŸ¤¼ people wrestling, people wrestling, wrestle, wrestler
ğŸ¤¼â€â™‚ï¸ men wrestling
ğŸ¤¼â€â™€ï¸ women wrestling
ğŸ¤½ person playing water polo, person playing water polo, polo, water
ğŸ¤½â€â™‚ï¸ man playing water polo
ğŸ¤½â€â™€ï¸ woman playing water polo
ğŸ¤¾ person playing handball, ball, handball, person playing handball
ğŸ¤¾â€â™‚ï¸ man playing handball
ğŸ¤¾â€â™€ï¸ woman playing handball
ğŸ¤¹ person juggling, balance, juggle, multitask, person juggling, skill
ğŸ¤¹â€â™‚ï¸ man juggling
ğŸ¤¹â€â™€ï¸ woman juggling
ğŸ§˜ person in lotus position, meditation, person in lotus position, yoga
ğŸ§˜â€â™‚ï¸ man in lotus position
ğŸ§˜â€â™€ï¸ woman in lotus position
ğŸ›€ person taking bath, bath, bathtub, person taking bath
ğŸ›Œ person in bed, hotel, person in bed, sleep
ğŸ§‘â€ğŸ¤â€ğŸ§‘ people holding hands, couple, hand, hold, holding hands, people holding hands, person
ğŸ‘­ women holding hands, couple, hand, holding hands, women, women holding hands
ğŸ‘« woman and man holding hands, couple, hand, hold, holding hands, man, woman, woman and man holding hands
ğŸ‘¬ men holding hands, couple, Gemini, holding hands, man, men, men holding hands, twins, zodiac
ğŸ’ kiss, couple, kiss
ğŸ‘©â€â¤ï¸â€ğŸ’‹â€ğŸ‘¨ kiss: woman, man
ğŸ‘¨â€â¤ï¸â€ğŸ’‹â€ğŸ‘¨ kiss: man, man
ğŸ‘©â€â¤ï¸â€ğŸ’‹â€ğŸ‘© kiss: woman, woman
ğŸ’‘ couple with heart, couple, couple with heart, love
ğŸ‘©â€â¤ï¸â€ğŸ‘¨ couple with heart: woman, man
ğŸ‘¨â€â¤ï¸â€ğŸ‘¨ couple with heart: man, man
ğŸ‘©â€â¤ï¸â€ğŸ‘© couple with heart: woman, woman
ğŸ‘¨â€ğŸ‘©â€ğŸ‘¦ family: man, woman, boy
ğŸ‘¨â€ğŸ‘©â€ğŸ‘§ family: man, woman, girl
ğŸ‘¨â€ğŸ‘©â€ğŸ‘§â€ğŸ‘¦ family: man, woman, girl, boy
ğŸ‘¨â€ğŸ‘©â€ğŸ‘¦â€ğŸ‘¦ family: man, woman, boy, boy
ğŸ‘¨â€ğŸ‘©â€ğŸ‘§â€ğŸ‘§ family: man, woman, girl, girl
ğŸ‘¨â€ğŸ‘¨â€ğŸ‘¦ family: man, man, boy
ğŸ‘¨â€ğŸ‘¨â€ğŸ‘§ family: man, man, girl
ğŸ‘¨â€ğŸ‘¨â€ğŸ‘§â€ğŸ‘¦ family: man, man, girl, boy
ğŸ‘¨â€ğŸ‘¨â€ğŸ‘¦â€ğŸ‘¦ family: man, man, boy, boy
ğŸ‘¨â€ğŸ‘¨â€ğŸ‘§â€ğŸ‘§ family: man, man, girl, girl
ğŸ‘©â€ğŸ‘©â€ğŸ‘¦ family: woman, woman, boy
ğŸ‘©â€ğŸ‘©â€ğŸ‘§ family: woman, woman, girl
ğŸ‘©â€ğŸ‘©â€ğŸ‘§â€ğŸ‘¦ family: woman, woman, girl, boy
ğŸ‘©â€ğŸ‘©â€ğŸ‘¦â€ğŸ‘¦ family: woman, woman, boy, boy
ğŸ‘©â€ğŸ‘©â€ğŸ‘§â€ğŸ‘§ family: woman, woman, girl, girl
ğŸ‘¨â€ğŸ‘¦ family: man, boy
ğŸ‘¨â€ğŸ‘¦â€ğŸ‘¦ family: man, boy, boy
ğŸ‘¨â€ğŸ‘§ family: man, girl
ğŸ‘¨â€ğŸ‘§â€ğŸ‘¦ family: man, girl, boy
ğŸ‘¨â€ğŸ‘§â€ğŸ‘§ family: man, girl, girl
ğŸ‘©â€ğŸ‘¦ family: woman, boy
ğŸ‘©â€ğŸ‘¦â€ğŸ‘¦ family: woman, boy, boy
ğŸ‘©â€ğŸ‘§ family: woman, girl
ğŸ‘©â€ğŸ‘§â€ğŸ‘¦ family: woman, girl, boy
ğŸ‘©â€ğŸ‘§â€ğŸ‘§ family: woman, girl, girl
ğŸ—£ï¸ speaking head, face, head, silhouette, speak, speaking
ğŸ‘¤ bust in silhouette, bust, bust in silhouette, silhouette
ğŸ‘¥ busts in silhouette, bust, busts in silhouette, silhouette
ğŸ«‚ people hugging, goodbye, hello, hug, people hugging, thanks
ğŸ‘ª family, family
ğŸ§‘â€ğŸ§‘â€ğŸ§’ family: adult, adult, child
ğŸ§‘â€ğŸ§‘â€ğŸ§’â€ğŸ§’ family: adult, adult, child, child
ğŸ§‘â€ğŸ§’ family: adult, child
ğŸ§‘â€ğŸ§’â€ğŸ§’ family: adult, child, child
ğŸ‘£ footprints, clothing, footprint, footprints, print
ğŸ«† fingerprint
